Ngày,Đóng cửa,Mở cửa,Cao nhất,Thấp nhất,Khối lượng,% Thay đổi
17/11/2023,85.6,87.8,87.9,85.5,1.59M,-2.73%
16/11/2023,88,87,88,86.7,1.28M,0.34%
15/11/2023,87.7,86.5,87.7,86.5,4.07M,1.98%
14/11/2023,86,86,86.5,85.4,987.50K,0.58%
13/11/2023,85.5,86,86.1,85.4,937.70K,-0.58%
10/11/2023,86,87.1,87.5,86,1.35M,-2.16%
09/11/2023,87.9,89.5,89.5,87.9,1.17M,-1.79%
08/11/2023,89.5,88,89.7,87.9,1.27M,1.36%
07/11/2023,88.3,89,89.3,88.3,413.90K,-1.34%
06/11/2023,89.5,88.9,89.8,88.5,774.80K,0.67%
03/11/2023,88.9,89,89.4,88.1,1.09M,-0.11%
02/11/2023,89,88,89,86.6,1.06M,1.37%
01/11/2023,87.8,86.8,87.8,86.1,1.48M,1.15%
31/10/2023,86.8,85.9,86.9,84.9,1.35M,1.05%
30/10/2023,85.9,83.5,86,83.5,592.90K,1.06%
27/10/2023,85,84.6,85,83.8,773.40K,0.59%
26/10/2023,84.5,85,86,83.5,1.42M,-1.52%
25/10/2023,85.8,85.1,85.8,84.6,660.10K,-0.23%
24/10/2023,86,84.5,86.5,83.9,994.00K,1.78%
23/10/2023,84.5,84.5,84.5,82.5,966.60K,-0.35%
20/10/2023,84.8,83.5,85.3,82.7,938.40K,0.36%
19/10/2023,84.5,85.5,86,84.1,1.36M,-1.63%
18/10/2023,85.9,85.5,86,85,1.15M,0.00%
17/10/2023,85.9,86.1,86.5,85.5,363.40K,-0.23%
16/10/2023,86.1,85.6,86.6,85.6,332.30K,-0.58%
13/10/2023,86.6,86,86.6,85.5,663.10K,0.70%
12/10/2023,86,86.9,86.9,85.5,714.10K,-0.58%
11/10/2023,86.5,86.2,86.5,85.7,719.40K,0.46%
10/10/2023,86.1,84.6,86.2,84.6,734.10K,1.77%
09/10/2023,84.6,85.4,85.4,84,1.10M,-0.94%
06/10/2023,85.4,84.5,85.4,83.5,800.90K,1.07%
05/10/2023,84.5,86,86,84.5,890.00K,-2.09%
04/10/2023,86.3,86.3,86.3,85.3,923.80K,0.00%
03/10/2023,86.3,86.5,86.7,85.8,882.60K,-0.23%
02/10/2023,86.5,87.1,87.2,86.5,765.70K,-1.14%
29/09/2023,87.5,88.3,88.3,87.1,449.30K,-0.57%
28/09/2023,88,87.2,88.3,86.6,1.07M,0.23%
27/09/2023,87.8,87.6,89,87,1.20M,0.92%
26/09/2023,87,89.2,89.4,86.9,1.66M,-2.58%
25/09/2023,89.3,89,89.5,88.3,2.21M,0.00%
22/09/2023,89.3,86.4,89.5,86,2.41M,2.64%
21/09/2023,87,88,88,86.8,1.07M,-1.14%
20/09/2023,88,88.1,88.4,86.4,786.00K,-0.11%
19/09/2023,88.1,88.8,89.2,86,1.12M,-0.79%
18/09/2023,88.8,89.5,89.7,88.3,718.10K,-1.11%
15/09/2023,89.8,88.9,89.8,88.6,2.14M,0.79%
14/09/2023,89.1,89,89.5,88.1,1.51M,0.00%
13/09/2023,89.1,90,90,88.9,1.58M,-0.89%
12/09/2023,89.9,89,90,88.9,1.57M,1.58%
11/09/2023,88.5,89.6,90,88,1.65M,-1.12%
08/09/2023,89.5,89.5,89.5,89.1,1.34M,0.00%
07/09/2023,89.5,90,90.8,89.5,1.77M,-0.78%
06/09/2023,90.2,90.2,90.2,89.7,2.02M,0.11%
05/09/2023,90.1,89.1,90.7,89.1,1.94M,1.12%
31/08/2023,89.1,89.1,89.6,88.3,1.53M,0.00%
30/08/2023,89.1,88.5,89.5,88.5,1.35M,0.79%
29/08/2023,88.4,87,88.5,86.9,1.39M,1.61%
28/08/2023,87,86.4,87.5,86.2,1.38M,0.93%
25/08/2023,86.2,86.2,87,86,1.40M,-0.92%
24/08/2023,87,86.3,88.2,86,902.80K,0.81%
23/08/2023,86.3,88.9,88.9,86.1,1.75M,-2.38%
22/08/2023,88.4,89.5,89.7,87.8,1.83M,-1.56%
21/08/2023,89.8,89.7,90.2,89.2,1.71M,0.34%
18/08/2023,89.5,89.8,90.3,89,2.22M,0.11%
17/08/2023,89.4,89.2,89.8,88.6,2.15M,0.22%
16/08/2023,89.2,88.8,89.4,88.7,727.30K,0.34%
15/08/2023,88.9,90,90,88.5,1.15M,-0.11%
14/08/2023,89,90.3,90.3,89,1.47M,-1.55%
11/08/2023,90.4,88.5,90.4,88.5,920.80K,2.15%
10/08/2023,88.5,90.5,90.5,88.5,1.34M,-1.88%
09/08/2023,90.2,90.7,90.9,90.1,591.60K,-0.55%
08/08/2023,90.7,90.8,91.2,90.1,823.40K,-0.11%
07/08/2023,90.8,90.1,90.8,90,1.11M,0.78%
04/08/2023,90.1,90.7,91.1,90.1,1.23M,-0.55%
03/08/2023,90.6,91.5,91.5,90.5,837.90K,-0.98%
02/08/2023,91.5,91.2,91.5,91,1.06M,0.33%
01/08/2023,91.2,91.6,92.8,91.2,1.28M,-0.44%
31/07/2023,91.6,93,93.2,91.6,1.47M,-1.51%
28/07/2023,93,92.7,93,91.8,1.12M,0.32%
27/07/2023,92.7,93.7,93.7,92.5,957.20K,-0.75%
26/07/2023,93.4,91.9,93.4,91.9,1.15M,1.85%
25/07/2023,91.7,90.4,92.5,90.3,2.37M,3.54%
24/07/2023,88.569,88.992,89.246,88.484,954.84K,-15.65%
21/07/2023,105,105,105,104,663.40K,0.00%
20/07/2023,105,105.5,106.4,103.6,771.60K,-1.41%
19/07/2023,106.5,104.6,107.1,104.6,926.20K,2.11%
18/07/2023,104.3,104.9,105,104.3,590.00K,-0.48%
17/07/2023,104.8,105,105,104.2,791.60K,-0.19%
14/07/2023,105,104.9,105,104,797.70K,0.10%
13/07/2023,104.9,105,105,103.7,928.30K,0.87%
12/07/2023,104,102.7,104.5,102.7,742.80K,0.97%
11/07/2023,103,101.8,105,101.8,887.60K,0.29%
10/07/2023,102.7,104.9,104.9,102.3,915.10K,-2.19%
07/07/2023,105,100.5,105,100.4,1.06M,4.27%
06/07/2023,100.7,102.1,102.2,100.5,1.02M,-1.27%
05/07/2023,102,101,102.5,100.3,953.90K,2.00%
04/07/2023,100,100.7,101.9,99.9,682.70K,0.00%
03/07/2023,100,100,100.8,99.8,490.10K,0.00%
30/06/2023,100,101.1,101.8,100,556.60K,-1.86%
29/06/2023,101.9,101.8,103,101.1,640.60K,0.79%
28/06/2023,101.1,100,102.2,99.8,821.20K,1.10%
27/06/2023,100,100,101,99.7,685.90K,0.00%
26/06/2023,100,99.1,100.9,99.1,807.20K,0.10%
23/06/2023,99.9,100.4,100.4,99.5,705.20K,-0.50%
22/06/2023,100.4,102,102,99.9,716.50K,0.40%
21/06/2023,100,99.7,100.5,99.7,1.19M,0.10%
20/06/2023,99.9,101.1,101.1,99.8,1.78M,-1.77%
19/06/2023,101.7,103.6,104.1,101.7,1.14M,-3.14%
16/06/2023,105,104.2,106.4,103.2,1.33M,1.45%
15/06/2023,103.5,102.5,103.7,101.6,912.20K,0.88%
14/06/2023,102.6,102.4,104,101.5,840.50K,0.10%
13/06/2023,102.5,100,103,99.7,838.90K,1.49%
12/06/2023,101,99.9,101.5,98.1,435.10K,0.50%
09/06/2023,100.5,100,102,99,820.20K,0.50%
08/06/2023,100,97,101.7,97,1.34M,3.09%
07/06/2023,97,99,99,97,749.60K,-2.02%
06/06/2023,99,98,99,96.5,759.50K,1.02%
05/06/2023,98,95.2,98.7,95.2,1.30M,3.27%
02/06/2023,94.9,93.9,95,93.3,737.80K,1.06%
01/06/2023,93.9,94.6,94.6,93.2,646.30K,-0.11%
31/05/2023,94,93.9,94.1,93.1,380.10K,-0.53%
30/05/2023,94.5,93.1,94.8,92.4,564.50K,1.50%
29/05/2023,93.1,92,95,92,590.50K,1.20%
26/05/2023,92,93.2,93.5,92,283.70K,-1.29%
25/05/2023,93.2,92.6,94,91.4,606.60K,0.65%
24/05/2023,92.6,92.8,92.8,91.9,342.20K,-0.22%
23/05/2023,92.8,93,93.6,92.1,568.80K,-0.32%
22/05/2023,93.1,93,93.9,92.2,622.30K,-1.17%
19/05/2023,94.2,94.5,94.9,92.6,439.90K,-0.84%
18/05/2023,95,92.9,96,92.2,1.68M,2.37%
17/05/2023,92.8,92.5,93,92.3,572.70K,0.22%
16/05/2023,92.6,92,93.1,91.3,666.10K,0.98%
15/05/2023,91.7,92,93,91.2,450.50K,-1.19%
12/05/2023,92.8,91,92.8,90.8,710.50K,1.98%
11/05/2023,91,92,92.1,91,505.60K,-1.09%
10/05/2023,92,91.9,93,91.6,417.40K,-0.33%
09/05/2023,92.3,93,93.9,92.3,563.40K,-0.75%
08/05/2023,93,90,93.2,89.8,1.50M,3.56%
05/05/2023,89.8,88.5,89.9,88.2,225.70K,1.47%
04/05/2023,88.5,90,90,88.5,496.00K,-2.21%
28/04/2023,90.5,90,90.5,88.8,704.70K,0.56%
27/04/2023,90,88.7,90.5,88.4,580.40K,0.67%
26/04/2023,89.4,88,89.5,87.9,710.20K,1.25%
25/04/2023,88.3,88.2,88.5,87.5,545.80K,0.46%
24/04/2023,87.9,88,88.5,87,505.80K,0.46%
21/04/2023,87.5,88,88.1,87.4,356.50K,-0.91%
20/04/2023,88.3,88.8,88.8,88,257.80K,-0.23%
19/04/2023,88.5,88.1,88.7,88,416.90K,0.57%
18/04/2023,88,88.3,88.6,87.5,695.10K,-0.45%
17/04/2023,88.4,88.4,88.5,87.8,488.90K,0.00%
14/04/2023,88.4,88.3,89.1,88.2,414.80K,0.23%
13/04/2023,88.2,88.3,88.5,87.8,491.00K,-0.11%
12/04/2023,88.3,88.3,88.6,88,518.40K,0.11%
11/04/2023,88.2,89,90,88.2,751.60K,-0.90%
10/04/2023,89,90,90,89,639.30K,-1.11%
07/04/2023,90,91,91.1,89.5,747.20K,-1.32%
06/04/2023,91.2,91.5,92.1,91.2,376.30K,-0.98%
05/04/2023,92.1,92.3,92.3,91.1,336.00K,0.11%
04/04/2023,92,92.8,92.9,91.6,269.90K,-0.86%
03/04/2023,92.8,91.7,92.9,91.2,736.70K,1.53%
31/03/2023,91.4,92.8,93.2,90.5,950.60K,-1.40%
30/03/2023,92.7,92.3,93.2,92,409.70K,0.43%
29/03/2023,92.3,92.5,92.5,90.5,422.80K,0.54%
28/03/2023,91.8,90.8,92.9,90.1,845.80K,0.88%
27/03/2023,91,89,91,88,730.10K,2.25%
24/03/2023,89,91,91,88.9,630.00K,-1.87%
23/03/2023,90.7,88.8,90.7,87.3,849.50K,1.91%
22/03/2023,89,86.6,89.9,86.6,1.06M,2.89%
21/03/2023,86.5,85.4,89.9,85.4,1.06M,1.65%
20/03/2023,85.1,89,89.5,85.1,1.03M,-4.38%
17/03/2023,89,91,91.1,89,2.27M,-2.20%
16/03/2023,91,91,92,89.5,806.00K,-0.44%
15/03/2023,91.4,91.6,92,91.1,807.80K,0.44%
14/03/2023,91,91,91.2,90.5,863.70K,-0.55%
13/03/2023,91.5,92,92,90.8,759.20K,-0.65%
10/03/2023,92.1,92.2,92.5,91.5,707.80K,-0.97%
09/03/2023,93,92,93.4,91.7,1.10M,0.87%
08/03/2023,92.2,91,92.2,90.7,871.90K,0.33%
07/03/2023,91.9,91.5,92.5,91.1,970.30K,0.99%
06/03/2023,91,91,92.2,91,711.90K,0.11%
03/03/2023,90.9,91.8,92.8,90.9,798.60K,-2.47%
02/03/2023,93.2,93,93.8,91.8,984.70K,0.22%
01/03/2023,93,92.3,93.4,92.2,729.70K,-0.53%
28/02/2023,93.5,93.1,93.7,92.6,565.80K,0.75%
27/02/2023,92.8,93,93.5,91.7,501.00K,-0.75%
24/02/2023,93.5,93,94,90,631.40K,0.21%
23/02/2023,93.3,93,94,91.2,1.03M,0.32%
22/02/2023,93,94.2,94.3,92.5,1.03M,-1.27%
21/02/2023,94.2,94.2,94.9,94,675.50K,0.43%
20/02/2023,93.8,93,94.5,93,1.10M,0.86%
17/02/2023,93,93,93.3,92,918.90K,0.65%
16/02/2023,92.4,93,94,92.2,776.60K,-0.65%
15/02/2023,93,92.5,94.2,91.2,899.30K,0.54%
14/02/2023,92.5,93.5,93.5,91.2,1.14M,-1.07%
13/02/2023,93.5,94.8,95.4,92,872.70K,-1.06%
10/02/2023,94.5,94.5,94.5,92.8,647.70K,1.61%
09/02/2023,93,93.8,95,93,759.40K,-1.27%
08/02/2023,94.2,92.1,96.2,92.1,884.80K,2.39%
07/02/2023,92,95.3,95.5,92,1.20M,-4.17%
06/02/2023,96,92.6,96.3,91.5,1.15M,3.23%
03/02/2023,93,90.3,93,89.1,893.40K,2.65%
02/02/2023,90.6,88.6,92,88.6,984.60K,1.68%
01/02/2023,89.1,92,92.5,89.1,1.14M,-3.05%
31/01/2023,91.9,89.9,91.9,87.8,1.45M,2.22%
30/01/2023,89.9,92.1,92.5,89.8,1.05M,-3.33%
27/01/2023,93,93,94.6,91.5,1.55M,0.00%
19/01/2023,93,89.5,96,87.5,1.72M,3.33%
18/01/2023,90,90,91,89.4,834.00K,0.67%
17/01/2023,89.4,88.5,89.4,87.3,644.60K,2.41%
16/01/2023,87.3,86,88.5,86,735.20K,1.75%
13/01/2023,85.8,85.2,86.5,85.2,822.00K,1.18%
12/01/2023,84.8,85.2,85.2,83.8,1.88M,-0.35%
11/01/2023,85.1,87.3,87.3,85.1,983.00K,-2.52%
10/01/2023,87.3,86.2,89.9,86.2,2.11M,0.46%
09/01/2023,86.9,85.8,86.9,84.8,1.67M,3.45%
06/01/2023,84,84,84.8,83.9,1.13M,0.00%
05/01/2023,84,82.8,84,82.5,1.08M,1.45%
04/01/2023,82.8,82.9,82.9,81.8,837.90K,0.24%
03/01/2023,82.6,80.2,82.6,80.2,1.09M,3.25%
30/12/2022,80,82.9,83.1,80,1.51M,-0.87%
29/12/2022,80.7,82.3,82.5,80.5,1.24M,0.88%
28/12/2022,80,80.4,82,79.5,1.17M,1.14%
27/12/2022,79.1,80.2,80.5,78.9,1.06M,0.25%
26/12/2022,78.9,79.2,80.8,78.9,1.20M,-0.25%
23/12/2022,79.1,80.2,81.2,79.1,1.08M,-0.25%
22/12/2022,79.3,79.5,81.1,79.3,1.07M,0.76%
21/12/2022,78.7,81.4,81.4,78.7,962.00K,-0.38%
20/12/2022,79,79.7,82,79,1.42M,-0.25%
19/12/2022,79.2,80,81,79,757.50K,-0.63%
16/12/2022,79.7,79.5,82.9,78.9,3.16M,0.25%
15/12/2022,79.5,78.8,80.7,78.6,1.25M,0.89%
14/12/2022,78.8,79.7,79.7,78.5,1.08M,0.77%
13/12/2022,78.2,78.1,79.3,77.9,2.23M,1.03%
12/12/2022,77.4,78.8,80.5,77.4,2.11M,0.13%
09/12/2022,77.3,78.4,79.2,77.1,1.68M,0.39%
08/12/2022,77,79,81,77,2.11M,-1.91%
07/12/2022,78.5,80,82,78,1.46M,-1.88%
06/12/2022,80,85,85.2,80,1.31M,-5.88%
05/12/2022,85,84.1,87,82.5,1.66M,0.00%
02/12/2022,85,79.9,85,79.3,1.24M,6.25%
01/12/2022,80,80.9,81.4,79.2,1.18M,-1.23%
30/11/2022,81,80.3,81,77,1.32M,1.50%
29/11/2022,79.8,76,79.8,76,1.71M,4.04%
28/11/2022,76.7,74.5,77,73.8,1.34M,4.92%
25/11/2022,73.1,73.1,73.6,72.8,1.68M,0.14%
24/11/2022,73,73.5,74,72.5,1.08M,-0.68%
23/11/2022,73.5,73,73.5,72.4,794.20K,0.00%
22/11/2022,73.5,74.5,76,72.5,1.94M,-2.00%
21/11/2022,75,76.5,76.5,75,1.11M,-1.96%
18/11/2022,76.5,75.9,76.9,73.6,1.56M,0.00%
17/11/2022,76.5,76.1,76.6,75.5,1.65M,1.86%
16/11/2022,75.1,70.3,78,70.3,2.35M,0.13%
15/11/2022,75,74.4,76.4,72.1,1.58M,-0.13%
14/11/2022,75.1,75.5,76.5,74.1,1.54M,-0.53%
11/11/2022,75.5,73,75.5,73,1.31M,3.71%
10/11/2022,72.8,73.9,73.9,71.6,958.50K,-1.62%
09/11/2022,74,73.5,74.2,72.6,1.21M,1.93%
08/11/2022,72.6,72,75,71.6,1.66M,1.11%
07/11/2022,71.8,71.8,73,71.1,1.23M,0.00%
04/11/2022,71.8,71.5,72.5,68.9,1.54M,-1.64%
03/11/2022,73,72,73.4,72,726.60K,-0.82%
02/11/2022,73.6,74,74.5,72,1.26M,-1.87%
01/11/2022,75,74,75,73.3,826.10K,2.04%
31/10/2022,73.5,73.5,73.5,72.5,659.40K,2.65%
28/10/2022,71.6,72.5,74.5,71.6,1.56M,-0.14%
27/10/2022,71.7,70.5,72.9,69.3,1.30M,2.43%
26/10/2022,70,70.6,70.6,68.5,591.40K,0.14%
25/10/2022,69.9,66,70.6,66,1.54M,2.79%
24/10/2022,68,69.5,69.5,65.8,670.10K,0.00%
21/10/2022,68,69.2,70.7,68,1.28M,-1.73%
20/10/2022,69.2,67.9,70,67.1,1.52M,1.91%
19/10/2022,67.9,67.9,68,67.3,627.40K,0.30%
18/10/2022,67.7,68,68,67.3,885.00K,2.11%
17/10/2022,66.3,67.3,68,65.5,1.24M,-2.64%
14/10/2022,68.1,68.5,68.5,67.3,1.60M,2.41%
13/10/2022,66.5,64.1,66.5,62.7,1.60M,3.91%
12/10/2022,64,63,65.3,62.2,1.52M,3.23%
11/10/2022,62,65.3,66,62,1.16M,-4.76%
10/10/2022,65.1,66.5,67.7,64.1,1.32M,-2.40%
07/10/2022,66.7,69.6,69.6,65.3,2.11M,-4.85%
06/10/2022,70.1,72,72,69.9,751.50K,-1.96%
05/10/2022,71.5,71.4,72,71.1,835.00K,0.28%
04/10/2022,71.3,70,71.9,69.5,1.28M,0.99%
03/10/2022,70.6,73.5,73.8,70.3,894.90K,-3.55%
30/09/2022,73.2,73.2,74.3,72.4,1.26M,-1.08%
29/09/2022,74,76,76,74,587.80K,-1.33%
28/09/2022,75,74,75,73.8,587.70K,0.94%
27/09/2022,74.3,76,76,74.2,653.40K,-0.93%
26/09/2022,75,75.1,77,74.1,1.26M,-1.19%
23/09/2022,75.9,77.2,77.7,75.8,1.03M,-2.69%
22/09/2022,78,77.7,78.6,77.5,1.18M,-1.14%
21/09/2022,78.9,79.3,79.6,77.9,499.20K,-0.38%
20/09/2022,79.2,78.8,80,78.6,521.20K,0.51%
19/09/2022,78.8,79,80.2,78,938.50K,-1.50%
16/09/2022,80,79.3,80,78.5,1.52M,1.01%
15/09/2022,79.2,78.5,79.3,78.1,611.90K,1.15%
14/09/2022,78.3,77.2,79.5,77,1.09M,-0.38%
13/09/2022,78.6,79.4,79.4,78.6,1.19M,-0.63%
12/09/2022,79.1,79.6,79.7,78.8,700.80K,0.38%
09/09/2022,78.8,78.5,79.3,78.2,1.03M,1.03%
08/09/2022,78,80.9,80.9,78,1.07M,-2.50%
07/09/2022,80,82,82.5,79.8,2.29M,-3.26%
06/09/2022,82.7,82.6,84,82.1,1.03M,0.12%
05/09/2022,82.6,84,84.3,82.5,1.55M,-1.67%
31/08/2022,84,86,86.5,84,1.06M,-2.33%
30/08/2022,86,82.5,86,82.5,2.50M,4.24%
29/08/2022,82.5,81.4,82.5,80.9,951.50K,0.00%
26/08/2022,82.5,82,83.7,82,1.56M,0.61%
25/08/2022,82,82.2,82.2,81.3,538.80K,0.00%
24/08/2022,82,81.2,82.9,80.3,1.08M,2.24%
23/08/2022,80.2,80,81.3,79.9,648.00K,0.25%
22/08/2022,80,80.1,81.5,80,525.80K,-1.11%
19/08/2022,80.9,80.6,82,80.6,1.15M,-0.74%
18/08/2022,81.5,81.3,82,81.2,1.57M,0.00%
17/08/2022,81.5,81.2,81.7,81.2,764.00K,0.00%
16/08/2022,81.5,82,82,81.1,687.10K,-0.37%
15/08/2022,81.8,82,82.3,81.7,1.26M,0.25%
12/08/2022,81.6,81.5,81.9,80.9,1.25M,0.12%
11/08/2022,81.5,81.3,82,80.6,1.17M,1.24%
10/08/2022,80.5,80.1,81,80.1,507.50K,-0.37%
09/08/2022,80.8,82,82,79.9,1.22M,-1.46%
08/08/2022,82,82,82.5,81.9,915.00K,0.00%
05/08/2022,82,82,82.4,81.1,1.40M,-0.61%
04/08/2022,82.5,79.5,82.5,79.4,2.26M,3.77%
03/08/2022,79.5,78.3,79.5,78,1.01M,0.76%
02/08/2022,78.9,77,79.2,76,1.78M,2.47%
01/08/2022,77,74.7,77,74.4,1.58M,3.08%
29/07/2022,74.7,75.4,75.5,74.7,1.18M,-0.80%
28/07/2022,75.3,75.4,75.6,74.8,1.16M,0.40%
27/07/2022,75,74,75,73.7,1.26M,1.49%
26/07/2022,73.9,73.2,74.4,73.2,1.12M,1.37%
25/07/2022,72.9,72.4,73.2,72,962.70K,0.55%
22/07/2022,72.5,72.1,72.7,72,1.01M,0.00%
21/07/2022,72.5,72.5,72.9,72.1,1.16M,0.00%
20/07/2022,72.5,71.6,72.5,71.6,544.90K,1.68%
19/07/2022,71.3,72,72.1,71.1,812.10K,-0.97%
18/07/2022,72,72.5,72.9,72,391.40K,-0.41%
15/07/2022,72.3,72.1,73.5,72.1,597.50K,-0.14%
14/07/2022,72.4,71.8,72.8,71.6,329.40K,0.84%
13/07/2022,71.8,71.8,73.4,71.4,1.38M,-0.14%
12/07/2022,71.9,72.1,72.6,71.7,811.50K,-0.14%
11/07/2022,72,73.3,73.5,72,660.80K,-2.70%
08/07/2022,74,74.9,75,73.9,761.00K,-1.99%
07/07/2022,75.5,72.7,75.5,71.7,1.26M,3.71%
06/07/2022,72.8,73.7,73.9,68.9,1.55M,-1.62%
05/07/2022,74,74.9,74.9,73.6,1.06M,-0.13%
04/07/2022,74.1,74.9,75.2,73.9,746.20K,0.14%
01/07/2022,74,74.5,75,72.9,1.38M,-1.07%
30/06/2022,74.8,75.5,76,74.8,678.40K,-0.93%
29/06/2022,75.5,75.8,75.9,75.3,847.50K,-1.05%
28/06/2022,76.3,75,77,74.8,1.10M,1.87%
27/06/2022,74.9,75.5,76,74.8,862.50K,-0.13%
24/06/2022,75,76.2,76.3,74.6,648.60K,-1.19%
23/06/2022,75.9,75.1,76.7,74.9,590.20K,-0.13%
22/06/2022,76,77.9,78,75,1.07M,-2.19%
21/06/2022,77.7,76,77.7,75.2,937.10K,2.24%
20/06/2022,76,79.5,79.5,75.3,1.09M,-0.13%
17/06/2022,76.1,77,78.3,76.1,1.05M,-3.79%
16/06/2022,79.1,76.7,80,76.5,1.21M,3.40%
15/06/2022,76.5,77.4,78.3,75.3,1.24M,-0.65%
14/06/2022,77,75.5,78.1,74,1.07M,0.79%
13/06/2022,76.4,77,77,74.1,1.11M,-1.67%
10/06/2022,77.7,77.8,79,77.4,390.90K,-0.13%
09/06/2022,77.8,79,79.9,77.7,1.07M,-1.77%
08/06/2022,79.2,81,81,78.8,1.16M,-2.22%
07/06/2022,81,79,82,78.1,933.00K,1.63%
06/06/2022,79.7,77.5,80,75.1,880.50K,2.84%
03/06/2022,77.5,78.4,79.5,76.4,527.80K,-1.90%
02/06/2022,79,80.8,80.8,79,641.40K,-1.86%
01/06/2022,80.5,79,80.5,79,798.80K,2.03%
31/05/2022,78.9,78.9,78.9,78,483.70K,1.15%
30/05/2022,78,77.4,81,76.4,1.33M,0.78%
27/05/2022,77.4,76.7,77.4,76.3,892.00K,0.91%
26/05/2022,76.7,77,77.1,76,978.90K,-0.39%
25/05/2022,77,76,77,74.8,817.00K,1.85%
24/05/2022,75.6,74.9,75.7,74.3,898.70K,1.61%
23/05/2022,74.4,75.6,75.6,73.6,631.60K,-1.20%
20/05/2022,75.3,75.1,76.5,75,661.80K,-0.92%
19/05/2022,76,75,76.7,74.8,575.80K,0.80%
18/05/2022,75.4,77,77,75,881.00K,-0.79%
17/05/2022,76,74.2,77,73.1,2.26M,2.43%
16/05/2022,74.2,75.5,76.4,74,1.56M,1.64%
13/05/2022,73,77,78,73,1.96M,-5.19%
12/05/2022,77,79,79.9,77,972.30K,-3.75%
11/05/2022,80,80,80.3,79,931.30K,0.00%
10/05/2022,80,77.1,80,77.1,926.00K,2.70%
09/05/2022,77.9,78.8,80.4,77.8,1.67M,-1.89%
06/05/2022,79.4,79.7,81.2,79.4,775.90K,-1.98%
05/05/2022,81,80.5,81.5,79.6,1.02M,1.38%
04/05/2022,79.9,80.9,81,79,892.60K,-1.24%
29/04/2022,80.9,81.4,82.3,80,1.26M,-0.74%
28/04/2022,81.5,81.5,81.6,79.5,564.10K,0.00%
27/04/2022,81.5,79.9,82,78.2,1.43M,1.24%
26/04/2022,80.5,79,80.5,79,1.91M,-1.59%
25/04/2022,81.8,82.2,83,77,2.48M,-0.49%
22/04/2022,82.2,79.1,82.6,79.1,2.78M,4.85%
21/04/2022,78.4,78.4,79.2,78.2,2.18M,0.00%
20/04/2022,78.4,78,78.9,77.7,904.60K,0.90%
19/04/2022,77.7,77.8,78.5,77.6,1.00M,0.00%
18/04/2022,77.7,80,80.2,77.6,1.24M,-3.12%
15/04/2022,80.2,81.2,81.5,80.2,894.80K,-0.99%
14/04/2022,81,82.4,82.9,81,1.15M,-1.70%
13/04/2022,82.4,83,83.1,82,850.70K,0.00%
12/04/2022,82.4,83,83.2,81.6,841.30K,-0.72%
08/04/2022,83,83.9,83.9,82.9,788.20K,0.00%
07/04/2022,83,84.9,85.2,83,928.00K,-1.89%
06/04/2022,84.6,82.9,85,81.7,2.01M,1.93%
05/04/2022,83,82.8,83.2,82.6,526.10K,0.48%
04/04/2022,82.6,83.2,84.1,82.6,712.00K,-0.24%
01/04/2022,82.8,82.1,83.6,81.1,900.30K,0.85%
31/03/2022,82.1,82,82.6,82,492.40K,0.12%
30/03/2022,82,81.8,83.5,81.5,913.90K,0.12%
29/03/2022,81.9,82.4,83,81.6,1.02M,-0.61%
28/03/2022,82.4,83,83,82,725.40K,-0.12%
25/03/2022,82.5,84,84,82,1.14M,-1.20%
24/03/2022,83.5,84.9,84.9,83.5,570.20K,-1.65%
23/03/2022,84.9,84.9,85.6,84.9,966.60K,0.00%
22/03/2022,84.9,84.9,85.5,84.9,775.10K,0.00%
21/03/2022,84.9,84.2,85.5,84,933.90K,0.83%
18/03/2022,84.2,83.1,85.2,82.9,1.41M,1.45%
17/03/2022,83,83,83.5,82.7,1.22M,0.61%
16/03/2022,82.5,81.3,83.2,81.3,1.00M,1.73%
15/03/2022,81.1,84,84.1,81,2.39M,-3.68%
14/03/2022,84.2,83.3,84.2,83.2,1.44M,0.48%
11/03/2022,83.8,83.7,83.9,83,876.10K,0.36%
10/03/2022,83.5,83,83.7,82.9,1.15M,0.60%
09/03/2022,83,81.8,83.1,81.7,1.33M,1.84%
08/03/2022,81.5,83.8,84.5,81.5,2.94M,-4.00%
07/03/2022,84.9,84.3,84.9,83.9,1.00M,0.00%
04/03/2022,84.9,85.2,85.5,84.8,1.06M,-0.70%
03/03/2022,85.5,85,85.5,84.7,1.05M,0.59%
02/03/2022,85,85.6,85.6,84.2,1.66M,0.00%
01/03/2022,85,84.5,85.4,84.1,1.30M,0.59%
28/02/2022,84.5,85.1,85.1,84.4,1.32M,-0.71%
25/02/2022,85.1,85.3,85.9,85,1.62M,-0.23%
24/02/2022,85.3,86.7,86.8,85,2.08M,-1.84%
23/02/2022,86.9,87,87,85.8,986.30K,0.12%
22/02/2022,86.8,87,87,85,1.54M,-0.69%
21/02/2022,87.4,86.6,87.6,86.6,1.02M,0.23%
18/02/2022,87.2,86.4,87.5,86.4,1.07M,-0.34%
17/02/2022,87.5,87,87.7,86.8,1.43M,0.57%
16/02/2022,87,87.5,87.9,86.4,1.29M,0.00%
15/02/2022,87,86,88.3,83.8,2.45M,1.16%
14/02/2022,86,88.1,88.8,86,3.63M,-4.44%
11/02/2022,90,91.3,91.6,90,1.16M,-1.42%
10/02/2022,91.3,91.1,93.4,91,1.83M,0.55%
09/02/2022,90.8,91.2,91.9,90.3,1.58M,-1.30%
08/02/2022,92,92.4,92.4,90.1,1.15M,-0.43%
07/02/2022,92.4,90.6,92.9,89.5,1.62M,3.82%
28/01/2022,89,91,92,89,2.06M,-2.20%
27/01/2022,91,93,94.5,90.4,1.73M,-3.70%
26/01/2022,94.5,95.8,95.8,92.6,2.52M,-1.36%
25/01/2022,95.8,92.5,96,89,2.40M,3.01%
24/01/2022,93,89.4,93.5,88.2,2.73M,4.26%
21/01/2022,89.2,86.9,90,86.1,2.50M,2.41%
20/01/2022,87.1,85.2,87.5,83.1,2.79M,0.35%
19/01/2022,86.8,87.5,87.5,85,914.80K,-0.91%
18/01/2022,87.6,85.5,87.6,84,1.70M,1.62%
17/01/2022,86.2,83,88,82.3,2.63M,3.36%
14/01/2022,83.4,81.9,83.4,81,1.52M,1.83%
13/01/2022,81.9,80.5,84.4,80.2,2.53M,2.38%
12/01/2022,80,79.4,80,78,1.80M,0.76%
11/01/2022,79.4,80,80,78.5,952.70K,-0.13%
10/01/2022,79.5,79.7,79.9,78.5,1.10M,-0.38%
07/01/2022,79.8,79.6,79.9,78.2,966.20K,0.88%
06/01/2022,79.1,78.6,79.9,77.9,1.22M,1.41%
05/01/2022,78,79,80.4,78,1.60M,-1.27%
04/01/2022,79,79,79.4,78,1.13M,0.25%
31/12/2021,78.8,79,79.2,78.4,422.00K,0.51%
30/12/2021,78.4,79.8,79.9,77.7,920.30K,-1.38%
29/12/2021,79.5,79.5,79.8,79.1,440.00K,-0.63%
28/12/2021,80,80,81,78,1.17M,0.25%
27/12/2021,79.8,78.9,80.3,77.9,934.10K,1.66%
24/12/2021,78.5,76.8,78.5,76.8,849.40K,2.61%
23/12/2021,76.5,77.5,78.9,76.5,1.49M,-0.52%
22/12/2021,76.9,77,77.8,76.6,1.92M,0.43%
21/12/2021,76.567,76.645,77.264,76.258,987.75K,-0.60%
20/12/2021,77.032,76.258,77.032,75.948,940.28K,3.11%
17/12/2021,74.709,77.419,77.419,74.709,4.43M,-2.62%
16/12/2021,76.722,78.038,78.038,75.948,1.34M,-0.80%
15/12/2021,77.342,77.032,77.961,76.645,934.42K,0.60%
14/12/2021,76.877,77.109,77.806,76.722,1.10M,-0.30%
13/12/2021,77.109,78.967,78.967,76.8,1.32M,-0.40%
10/12/2021,77.419,78.193,79.587,77.342,2.40M,0.81%
09/12/2021,76.8,75.406,76.955,75.329,1.03M,0.51%
08/12/2021,76.413,75.871,76.955,75.871,647.57K,0.51%
07/12/2021,76.025,74.4,76.955,74.4,1.05M,2.93%
06/12/2021,73.858,75.871,77.419,73.858,1.29M,-2.65%
03/12/2021,75.871,76.8,78.038,75.484,1.02M,-1.11%
02/12/2021,76.722,77.651,78.038,76.49,1.01M,0.10%
01/12/2021,76.645,76.955,78.58,76.103,703.71K,0.10%
30/11/2021,76.567,80.516,80.516,76.567,1.71M,-2.18%
29/11/2021,78.271,79.974,81.213,78.193,1.09M,-3.71%
26/11/2021,81.29,82.606,83.767,80.516,1.12M,-1.96%
25/11/2021,82.916,81.29,83.613,80.98,1.88M,2.20%
24/11/2021,81.135,76.8,81.755,76.8,2.40M,5.75%
23/11/2021,76.722,76.645,76.722,76.025,700.78K,0.30%
22/11/2021,76.49,75.329,76.567,75.174,1.30M,1.75%
19/11/2021,75.174,75.251,75.793,75.174,526.99K,0.10%
18/11/2021,75.096,76.103,76.103,75.096,905.58K,-1.02%
17/11/2021,75.871,75.251,75.948,75.251,1.01M,0.82%
16/11/2021,75.251,75.638,76.258,75.096,901.24K,-0.51%
15/11/2021,75.638,76.103,76.645,75.251,978.31K,-0.51%
12/11/2021,76.025,76.103,76.103,75.484,784.49K,-0.10%
11/11/2021,76.103,75.716,76.877,75.096,1.42M,0.72%
10/11/2021,75.561,75.174,76.025,74.942,1.09M,0.51%
09/11/2021,75.174,75.871,76.335,75.096,1.76M,-1.12%
08/11/2021,76.025,75.948,76.18,75.484,1.51M,0.72%
05/11/2021,75.484,75.484,76.645,75.096,1.44M,-0.91%
04/11/2021,76.18,76.413,76.49,75.251,1.26M,-0.30%
03/11/2021,76.413,75.638,76.49,75.329,2.34M,0.82%
02/11/2021,75.793,75.406,75.871,75.329,1.03M,0.93%
01/11/2021,75.096,75.948,76.025,75.096,1.35M,-1.02%
29/10/2021,75.871,75.329,76.18,75.019,1.61M,0.10%
28/10/2021,75.793,74.787,75.793,74.4,2.26M,1.87%
27/10/2021,74.4,73.238,74.709,73.006,1.82M,2.23%
26/10/2021,72.774,72.851,73.238,72.464,806.43K,-0.11%
25/10/2021,72.851,74.245,74.245,72.851,1.02M,-0.21%
22/10/2021,73.006,73.548,73.548,72.774,306.24K,0.32%
21/10/2021,72.774,73.858,74.322,72.774,1.56M,-1.05%
20/10/2021,73.548,74.632,74.864,72.774,1.99M,-1.45%
19/10/2021,74.632,74.4,74.709,73.703,1.07M,0.42%
18/10/2021,74.322,74.555,75.096,73.548,1.59M,-0.52%
15/10/2021,74.709,74.942,75.329,74.709,933.39K,-0.21%
14/10/2021,74.864,75.096,75.251,74.245,2.28M,-0.31%
13/10/2021,75.096,75.793,75.871,75.096,1.82M,0.00%
12/10/2021,75.096,76.103,76.103,75.096,971.16K,-0.51%
11/10/2021,75.484,75.096,76.18,74.942,1.40M,0.52%
08/10/2021,75.096,74.787,75.096,74.013,889.37K,0.21%
07/10/2021,74.942,74.013,74.942,73.548,1.02M,1.26%
06/10/2021,74.013,74.013,74.013,73.393,881.97K,0.00%
05/10/2021,74.013,73.626,74.4,73.626,1.24M,1.06%
04/10/2021,73.238,74.322,74.709,73.084,1.17M,-1.36%
01/10/2021,74.245,75.329,76.025,74.167,2.06M,-1.34%
30/09/2021,75.251,76.258,76.335,75.174,1.53M,-1.32%
29/09/2021,76.258,77.032,77.032,75.484,720.94K,-0.71%
28/09/2021,76.8,75.716,76.877,75.484,618.22K,1.22%
27/09/2021,75.871,77.032,77.187,75.871,593.98K,-1.51%
24/09/2021,77.032,77.032,77.264,76.877,580.20K,0.00%
23/09/2021,77.032,77.109,77.729,76.258,862.58K,0.00%
22/09/2021,77.032,76.18,77.032,75.871,462.93K,1.53%
21/09/2021,75.871,77.032,77.264,75.871,1.10M,-1.61%
20/09/2021,77.109,75.329,78.193,75.329,1.63M,2.47%
17/09/2021,75.251,75.484,76.18,75.251,1.28M,-0.92%
16/09/2021,75.948,76.567,76.567,75.484,727.83K,1.03%
15/09/2021,75.174,76.103,76.103,75.174,1.02M,-1.22%
14/09/2021,76.103,75.948,76.258,75.096,1.57M,0.20%
13/09/2021,75.948,76.49,76.645,75.948,1.33M,-1.11%
10/09/2021,76.8,77.264,77.264,76.335,1.09M,-0.10%
09/09/2021,76.877,77.187,77.496,76.335,1.04M,-0.40%
08/09/2021,77.187,77.419,77.496,74.942,1.10M,-0.30%
07/09/2021,77.419,77.342,78.038,77.264,1.33M,0.00%
06/09/2021,77.419,76.955,77.496,76.955,1.15M,0.60%
01/09/2021,76.955,76.955,77.342,74.322,1.16M,0.00%
31/08/2021,76.955,77.032,77.342,76.103,953.81K,0.10%
30/08/2021,76.877,76.18,76.955,75.716,1.56M,1.53%
27/08/2021,75.716,74.322,76.258,74.322,1.41M,1.03%
26/08/2021,74.942,75.716,76.645,74.942,1.37M,-0.72%
25/08/2021,75.484,75.096,76.645,74.942,1.36M,0.52%
24/08/2021,75.096,76.8,76.8,74.709,1.36M,-0.31%
23/08/2021,75.329,76.645,77.419,74.787,2.73M,-2.80%
20/08/2021,77.496,78.348,78.89,76.955,2.29M,-2.63%
19/08/2021,79.587,77.961,79.742,77.264,3.29M,1.78%
18/08/2021,78.193,78.193,79.355,77.187,2.36M,0.00%
17/08/2021,78.193,79.355,79.742,78.193,2.15M,0.40%
16/08/2021,77.884,77.109,77.884,76.645,2.54M,1.01%
13/08/2021,77.109,77.342,77.342,76.103,1.70M,-0.30%
12/08/2021,77.342,77.806,78.038,77.032,1.26M,-0.60%
11/08/2021,77.806,76.877,78.735,76.722,2.18M,1.51%
10/08/2021,76.645,76.645,76.8,76.258,1.99M,0.71%
09/08/2021,76.103,75.948,76.567,75.638,1.57M,0.20%
06/08/2021,75.948,77.264,77.264,75.948,1.42M,-1.31%
05/08/2021,76.955,75.871,77.032,75.793,1.44M,0.91%
04/08/2021,76.258,76.8,76.877,75.948,1.48M,-0.30%
03/08/2021,76.49,75.174,76.49,75.096,1.62M,1.86%
02/08/2021,75.096,75.096,76.413,74.632,1.64M,-1.02%
30/07/2021,75.871,75.329,76.49,75.251,1.73M,0.10%
29/07/2021,75.793,75.406,75.793,75.096,1.52M,0.93%
28/07/2021,75.096,73.626,75.096,73.626,1.90M,2.10%
27/07/2021,73.548,75.484,75.561,73.548,3.39M,-1.04%
26/07/2021,74.322,74.709,75.484,74.09,1.61M,-1.03%
23/07/2021,75.096,76.877,77.264,75.096,2.17M,-3.29%
22/07/2021,77.651,76.567,77.961,75.871,1.86M,1.31%
21/07/2021,76.645,77.032,77.806,76.103,1.87M,-1.20%
20/07/2021,77.574,75.716,78.193,72.387,3.04M,3.30%
19/07/2021,75.096,77.419,77.574,74.245,3.24M,-5.37%
16/07/2021,79.355,79.355,80.051,78.193,1.87M,0.00%
15/07/2021,79.355,77.574,80.903,77.574,2.96M,0.69%
14/07/2021,78.813,80.051,80.129,77.419,2.87M,-1.55%
13/07/2021,80.051,82.761,82.761,79.045,2.38M,-3.46%
12/07/2021,82.916,84.774,84.774,79.819,3.17M,-2.46%
09/07/2021,85.006,85.161,86.013,82.684,3.75M,-1.08%
08/07/2021,85.935,86.09,87.484,84.387,1.77M,-2.12%
07/07/2021,87.793,86.709,87.793,82.064,3.42M,1.25%
06/07/2021,86.709,87.096,89.032,86.709,2.13M,-1.41%
05/07/2021,87.948,88.18,88.18,85.858,2.61M,-1.13%
02/07/2021,88.954,90.116,90.271,88.258,2.20M,-1.29%
01/07/2021,90.116,90.348,90.425,89.032,2.34M,0.00%
30/06/2021,90.116,88.258,90.735,88.258,3.53M,2.11%
29/06/2021,88.258,86.709,88.258,86.322,2.36M,1.24%
28/06/2021,87.174,87.174,87.484,86.013,1.95M,0.00%
25/06/2021,87.174,85.703,87.329,84.309,2.15M,1.72%
24/06/2021,85.703,85.161,85.78,83.458,1.46M,0.91%
23/06/2021,84.929,83.613,85.935,82.838,2.87M,1.95%
22/06/2021,83.303,82.916,84,82.451,1.89M,0.94%
21/06/2021,82.529,83.613,83.767,82.064,2.69M,-1.75%
18/06/2021,84,80.903,84.387,80.748,4.13M,4.13%
17/06/2021,80.671,80.516,81.29,78.967,1.99M,0.19%
16/06/2021,80.516,79.355,82.064,79.355,3.70M,1.17%
15/06/2021,79.587,79.045,79.742,78.193,1.81M,0.79%
14/06/2021,78.967,79.045,80.051,78.425,1.86M,-0.78%
11/06/2021,79.587,78.271,80.129,77.806,2.61M,0.98%
10/06/2021,78.813,78.967,79.664,77.419,2.89M,-0.20%
09/06/2021,78.967,77.419,78.967,76.8,3.05M,2.00%
08/06/2021,77.419,79.742,80.516,77.419,3.00M,-2.91%
07/06/2021,79.742,80.748,81.213,78.348,3.79M,-1.81%
04/06/2021,81.213,82.451,82.451,80.593,3.07M,-1.69%
03/06/2021,82.606,82.142,83.613,82.064,3.58M,0.66%
02/06/2021,82.064,80.516,83.225,80.284,5.45M,2.22%
01/06/2021,80.284,76.955,80.671,76.413,5.78M,5.17%
31/05/2021,76.335,78.193,78.193,76.103,3.34M,-1.00%
28/05/2021,77.109,76.645,78.271,75.561,2.80M,0.91%
27/05/2021,76.413,77.729,77.729,75.871,1.86M,-1.69%
26/05/2021,77.729,77.342,78.813,77.187,3.01M,0.60%
25/05/2021,77.264,75.406,77.419,75.406,4.87M,2.46%
24/05/2021,75.406,75.484,76.258,74.709,2.32M,0.62%
21/05/2021,74.942,74.555,75.871,74.322,1.86M,-2.22%
20/05/2021,76.645,72.851,76.645,72.851,2.43M,5.21%
19/05/2021,72.851,73.238,73.238,72.619,2.14M,-0.53%
18/05/2021,73.238,73.78,74.322,73.161,2.68M,-1.46%
17/05/2021,74.322,75.174,75.329,74.167,2.19M,-0.93%
14/05/2021,75.019,75.406,76.103,74.787,1.79M,0.10%
13/05/2021,74.942,75.251,75.716,74.942,2.17M,-0.51%
12/05/2021,75.329,75.793,75.793,75.096,1.55M,-0.61%
11/05/2021,75.793,76.025,76.877,75.484,1.49M,-0.20%
10/05/2021,75.948,74.864,76.025,74.245,2.14M,1.13%
07/05/2021,75.096,76.567,76.645,74.864,2.92M,-2.32%
06/05/2021,76.877,78.348,78.735,76.645,1.48M,-1.88%
05/05/2021,78.348,76.722,78.967,76.722,2.33M,2.12%
04/05/2021,76.722,76.645,77.109,75.871,1.91M,-0.90%
29/04/2021,77.419,76.645,77.419,75.871,2.06M,1.01%
28/04/2021,76.645,76.645,76.877,75.638,1.82M,0.00%
27/04/2021,76.645,76.335,77.109,75.638,1.52M,0.41%
26/04/2021,76.335,80.516,80.516,75.793,4.59M,-5.19%
23/04/2021,80.516,79.742,80.516,77.806,2.92M,0.97%
22/04/2021,79.742,79.742,81.755,79.122,3.80M,0.00%
20/04/2021,79.742,76.722,81.29,76.258,8.01M,4.57%
19/04/2021,76.258,75.096,76.258,74.167,1.77M,2.28%
16/04/2021,74.555,75.329,76.258,74.322,1.93M,-1.23%
15/04/2021,75.484,77.264,77.264,74.942,2.75M,-1.22%
14/04/2021,76.413,75.329,76.413,75.019,1.71M,1.23%
13/04/2021,75.484,77.419,77.419,75.484,2.13M,-1.41%
12/04/2021,76.567,76.258,76.8,75.406,3.41M,1.43%
09/04/2021,75.484,77.032,77.032,75.484,2.68M,-2.50%
08/04/2021,77.419,78.89,78.89,77.032,2.01M,-1.86%
07/04/2021,78.89,78.193,78.967,77.729,1.51M,0.00%
06/04/2021,78.89,78.967,79.355,77.806,2.86M,-0.10%
05/04/2021,78.967,77.419,79.587,76.335,4.58M,4.29%
02/04/2021,75.716,75.484,76.258,75.019,2.91M,0.93%
01/04/2021,75.019,73.703,75.638,73.703,3.44M,2.22%
31/03/2021,73.393,73.161,73.626,72.851,1.21M,0.00%
30/03/2021,73.393,73.78,73.78,72.851,2.23M,-0.52%
29/03/2021,73.78,73.703,74.167,72.387,1.53M,0.42%
26/03/2021,73.471,73.548,73.935,72.542,1.53M,-0.21%
25/03/2021,73.626,73.316,74.322,73.161,1.48M,0.42%
24/03/2021,73.316,73.548,74.245,72.851,1.82M,-1.15%
23/03/2021,74.167,75.019,75.019,73.858,1.20M,-1.24%
22/03/2021,75.096,74.322,75.484,73.858,2.43M,2.97%
19/03/2021,72.929,75.174,75.174,72.929,2.04M,-3.38%
18/03/2021,75.484,74.477,75.484,73.935,2.05M,1.99%
17/03/2021,74.013,73.935,74.167,73.548,1.58M,-0.10%
16/03/2021,74.09,74.322,74.322,73.626,836.80K,-0.62%
15/03/2021,74.555,74.322,75.096,73.935,1.84M,0.52%
12/03/2021,74.167,74.555,74.709,73.161,1.61M,-0.52%
11/03/2021,74.555,74.167,74.942,74.167,1.29M,0.84%
10/03/2021,73.935,73.548,74.167,72.774,1.36M,0.53%
09/03/2021,73.548,73.548,73.548,72.077,1.72M,-0.21%
08/03/2021,73.703,75.096,75.096,73.548,1.92M,-1.24%
05/03/2021,74.632,75.174,75.251,73.548,2.12M,-0.93%
04/03/2021,75.329,76.335,77.032,72.077,1.43M,-1.12%
03/03/2021,76.18,76.103,76.955,76.025,1.17M,-0.91%
02/03/2021,76.877,77.419,78.813,75.871,1.52M,0.10%
01/03/2021,76.8,76.025,76.877,76.025,1.16M,1.02%
26/02/2021,76.025,75.329,76.645,75.096,1.37M,0.00%
25/02/2021,76.025,76.645,77.032,75.561,1.14M,0.10%
24/02/2021,75.948,77.806,78.193,74.709,1.61M,-1.90%
23/02/2021,77.419,77.419,78.193,76.8,1.84M,-0.60%
22/02/2021,77.884,77.806,78.967,77.651,1.77M,-0.69%
19/02/2021,78.425,76.8,78.735,76.722,2.36M,-0.69%
18/02/2021,78.967,76.645,78.967,75.871,2.16M,2.00%
17/02/2021,77.419,75.484,77.419,75.484,1.35M,2.88%
09/02/2021,75.251,75.096,75.406,72.077,3.80M,3.29%
08/02/2021,72.851,76.645,77.264,72.077,3.70M,-5.90%
05/02/2021,77.419,76.567,77.419,75.793,1.15M,1.11%
04/02/2021,76.567,76.567,76.645,72.696,1.23M,0.00%
03/02/2021,76.567,75.793,76.645,74.787,1.86M,2.49%
02/02/2021,74.709,71.226,74.864,71.226,1.36M,5.93%
01/02/2021,70.529,74.322,74.322,70.451,1.67M,-2.04%
29/01/2021,72,66.193,75.019,66.193,1.73M,2.65%
28/01/2021,70.142,71.226,72.232,70.142,1.54M,-6.98%
27/01/2021,75.406,76.722,77.419,72.696,2.00M,-3.47%
26/01/2021,78.116,79.355,79.355,76.645,1.24M,-1.56%
25/01/2021,79.355,78.271,79.742,78.271,926.25K,-0.49%
22/01/2021,79.742,79.742,80.516,78.967,1.62M,0.00%
21/01/2021,79.742,76.722,79.742,75.871,1.64M,3.94%
20/01/2021,76.722,76.645,81.987,75.871,2.67M,0.10%
19/01/2021,76.645,79.819,79.974,74.4,1.44M,-4.16%
18/01/2021,79.974,80.129,81.29,79.742,1.35M,0.10%
15/01/2021,79.896,81.135,81.213,79.355,1.40M,-0.67%
14/01/2021,80.438,81.29,81.445,79.974,1.06M,-0.86%
13/01/2021,81.135,81.755,82.142,80.516,1.36M,-0.76%
12/01/2021,81.755,81.755,81.755,80.671,810.13K,1.05%
11/01/2021,80.903,80.98,81.832,80.593,1.08M,-0.29%
08/01/2021,81.135,83.613,83.613,80.903,1.23M,-2.06%
07/01/2021,82.838,80.516,84,80.516,1.13M,1.90%
06/01/2021,81.29,77.032,82.219,76.877,2.65M,5.74%
05/01/2021,76.877,76.645,77.884,76.645,943.22K,0.30%
04/01/2021,76.645,75.871,77.264,75.329,1.09M,1.12%
31/12/2020,75.793,75.793,76.645,75.096,468.47K,0.00%
30/12/2020,75.793,76.8,77.109,75.484,650.13K,-1.31%
29/12/2020,76.8,75.871,77.264,75.716,888.75K,1.22%
28/12/2020,75.871,75.871,76.025,75.329,1.07M,0.41%
25/12/2020,75.561,75.096,75.561,74.864,401.89K,0.31%
24/12/2020,75.329,75.793,75.793,74.322,1.04M,-0.21%
23/12/2020,75.484,75.484,76.258,75.019,850.31K,-0.41%
22/12/2020,75.793,75.871,75.948,75.484,955.52K,-1.01%
21/12/2020,76.567,76.567,76.645,75.329,889.41K,0.82%
18/12/2020,75.948,73.721,75.948,73.721,1.34M,3.02%
17/12/2020,73.721,75.718,75.718,72.953,2.94M,-3.90%
16/12/2020,76.716,75.641,76.716,75.103,945.13K,2.15%
15/12/2020,75.103,76.025,76.639,74.105,1.83M,-2.10%
14/12/2020,76.716,74.643,76.716,73.644,1.19M,2.78%
11/12/2020,74.643,74.643,74.719,73.644,990.42K,0.00%
10/12/2020,74.643,74.105,75.027,74.028,1.66M,0.73%
09/12/2020,74.105,71.878,74.105,71.571,1.53M,3.65%
08/12/2020,71.494,71.417,72.108,70.265,896.80K,0.00%
07/12/2020,71.494,70.189,71.648,70.189,1.21M,2.20%
04/12/2020,69.958,71.571,71.801,69.958,1.10M,-2.57%
03/12/2020,71.801,71.801,72.108,70.957,940.11K,0.00%
02/12/2020,71.801,70.649,71.801,70.265,952.80K,1.63%
01/12/2020,70.649,69.651,71.571,69.651,1.48M,-1.08%
30/11/2020,71.417,71.955,72.185,70.265,1.85M,-1.59%
27/11/2020,72.569,72.185,72.569,71.571,1.54M,0.53%
26/11/2020,72.185,71.801,72.185,71.11,891.09K,0.53%
25/11/2020,71.801,71.033,72.339,70.88,1.39M,1.19%
24/11/2020,70.957,70.649,70.957,69.728,1.27M,0.87%
23/11/2020,70.342,70.726,70.957,69.881,827.91K,-0.97%
20/11/2020,71.033,69.881,71.033,69.19,1.57M,2.55%
19/11/2020,69.267,67.347,69.267,67.117,3.30M,2.97%
18/11/2020,67.27,67.27,67.347,66.81,1.16M,0.00%
17/11/2020,67.27,65.888,67.27,65.658,699.57K,2.10%
16/11/2020,65.888,66.963,67.424,65.274,1.60M,-1.27%
13/11/2020,66.733,66.503,66.733,66.195,533.16K,0.58%
12/11/2020,66.349,65.811,66.426,65.735,517.23K,1.77%
11/11/2020,65.197,65.658,66.503,65.197,1.32M,-0.24%
10/11/2020,65.351,66.119,67.04,65.351,1.93M,-0.47%
09/11/2020,65.658,65.274,65.888,65.12,1.28M,0.59%
06/11/2020,65.274,65.351,65.351,64.506,412.35K,0.00%
05/11/2020,65.274,65.658,65.658,65.12,648.16K,0.00%
04/11/2020,65.274,65.274,65.658,64.736,503.59K,0.00%
03/11/2020,65.274,65.888,65.965,65.043,393.71K,-0.93%
02/11/2020,65.888,63.738,65.888,63.738,467.40K,3.37%
30/10/2020,63.738,64.199,64.813,63.584,1.39M,-0.72%
29/10/2020,64.199,64.813,65.12,64.122,975.78K,-0.71%
28/10/2020,64.66,66.042,66.426,64.122,1.11M,-2.09%
27/10/2020,66.042,66.042,67.04,65.658,1.49M,0.00%
26/10/2020,66.042,67.194,67.424,66.042,1.16M,-1.71%
23/10/2020,67.194,66.733,67.194,66.579,839.39K,1.04%
22/10/2020,66.503,66.119,66.503,65.351,1.69M,0.47%
21/10/2020,66.195,67.424,68.038,65.965,1.85M,-1.71%
20/10/2020,67.347,66.81,67.424,66.733,1.37M,0.23%
19/10/2020,67.194,67.578,67.808,67.194,1.34M,-0.79%
16/10/2020,67.731,67.962,68.038,67.194,853.45K,-0.45%
15/10/2020,68.038,67.731,68.038,66.656,1.82M,0.45%
14/10/2020,67.731,66.656,68.346,66.579,1.54M,1.96%
13/10/2020,66.426,66.042,66.733,65.658,1.04M,0.70%
12/10/2020,65.965,66.042,66.81,65.12,2.01M,1.30%
09/10/2020,65.12,64.89,65.274,64.89,467.27K,0.00%
08/10/2020,65.12,65.658,65.658,64.352,700.70K,-0.24%
07/10/2020,65.274,64.199,65.427,63.815,1.26M,1.31%
06/10/2020,64.429,64.352,64.813,63.892,1.41M,0.48%
05/10/2020,64.122,64.89,65.274,64.045,1.04M,-0.60%
02/10/2020,64.506,65.12,65.274,61.434,1.14M,-0.94%
01/10/2020,65.12,65.351,65.351,64.66,468.33K,0.83%
30/09/2020,64.583,65.274,65.274,64.352,745.76K,-0.59%
29/09/2020,64.967,66.042,66.119,64.352,2.05M,-1.63%
28/09/2020,66.042,65.888,66.195,65.581,1.60M,0.00%
25/09/2020,66.042,66.119,66.195,65.658,1.41M,-0.12%
24/09/2020,66.119,64.583,66.195,64.583,2.08M,0.82%
23/09/2020,65.581,64.66,65.658,64.66,1.78M,1.67%
22/09/2020,64.506,63.738,64.813,63.584,2.23M,1.20%
21/09/2020,63.738,63.815,64.199,63.738,2.13M,0.12%
18/09/2020,63.661,63.277,63.738,63.277,1.52M,0.48%
17/09/2020,63.354,63.354,63.738,62.97,1.33M,-0.48%
16/09/2020,63.661,63.431,63.815,62.97,801.37K,0.48%
15/09/2020,63.354,63.738,64.122,63.354,1.27M,-0.60%
14/09/2020,63.738,63.584,63.815,63.508,758.81K,0.85%
11/09/2020,63.2,63.047,63.431,62.817,849.42K,0.24%
10/09/2020,63.047,63.738,63.968,63.047,880.06K,-0.12%
09/09/2020,63.124,62.97,63.892,62.586,1.88M,-0.36%
08/09/2020,63.354,64.199,64.429,63.2,2.53M,-1.32%
07/09/2020,64.199,65.043,65.351,64.199,1.51M,-1.53%
04/09/2020,65.197,65.274,66.119,65.12,3.09M,-1.51%
03/09/2020,66.195,64.276,66.426,64.276,3.19M,3.85%
01/09/2020,63.738,63.738,63.968,63.661,2.07M,0.00%
31/08/2020,63.738,64.506,64.89,63.584,1.24M,-0.48%
28/08/2020,64.045,64.199,64.429,63.968,2.10M,-0.12%
27/08/2020,64.122,64.122,64.429,63.892,1.28M,0.00%
26/08/2020,64.122,64.429,64.429,64.045,2.02M,-0.48%
25/08/2020,64.429,64.429,65.197,64.429,2.23M,0.00%
24/08/2020,64.429,63.738,64.967,63.738,1.95M,1.21%
21/08/2020,63.661,63.738,63.892,63.431,1.64M,-0.12%
20/08/2020,63.738,63.738,64.89,63.738,1.40M,0.00%
19/08/2020,63.738,63.2,63.738,62.97,748.74K,0.85%
18/08/2020,63.2,63.2,63.431,62.74,423.24K,0.00%
17/08/2020,63.2,62.97,63.661,62.74,496.98K,0.37%
14/08/2020,62.97,63.738,63.815,62.893,1.05M,-1.20%
13/08/2020,63.738,63.661,63.738,62.97,491.67K,1.10%
12/08/2020,63.047,63.047,63.2,62.893,396.11K,0.00%
11/08/2020,63.047,63.354,63.431,62.817,399.29K,0.24%
10/08/2020,62.893,63.738,63.892,62.893,735.70K,-1.21%
07/08/2020,63.661,63.738,63.738,63.277,661.81K,0.12%
06/08/2020,63.584,63.431,63.815,62.893,1.02M,0.12%
05/08/2020,63.508,62.893,63.738,61.741,993.80K,0.98%
04/08/2020,62.893,61.434,62.893,60.973,787.09K,3.93%
03/08/2020,60.513,58.363,60.513,58.363,539.52K,3.14%
31/07/2020,58.67,58.363,59.438,58.363,858.67K,-1.29%
30/07/2020,59.438,59.591,60.282,59.361,1.20M,-0.13%
29/07/2020,59.514,58.363,59.898,57.671,1.06M,-1.27%
28/07/2020,60.282,59.13,60.513,58.746,1.16M,1.95%
27/07/2020,59.13,58.363,61.434,58.363,1.63M,-4.94%
24/07/2020,62.202,63.047,63.2,60.282,1.71M,-1.82%
23/07/2020,63.354,63.354,63.584,63.047,1.72M,0.00%
22/07/2020,63.354,63.354,63.354,63.124,797.91K,0.00%
21/07/2020,63.354,63.354,63.584,62.74,869.90K,0.36%
20/07/2020,63.124,63.354,63.508,62.74,889.16K,-0.72%
17/07/2020,63.584,64.199,64.199,63.584,801.33K,-0.84%
16/07/2020,64.122,64.352,64.429,63.661,1.39M,0.00%
15/07/2020,64.122,63.892,64.352,63.892,1.53M,0.60%
14/07/2020,63.738,63.661,63.738,63.124,544.99K,0.12%
13/07/2020,63.661,64.045,64.122,63.277,474.20K,0.24%
10/07/2020,63.508,64.045,64.199,63.047,1.17M,-1.08%
09/07/2020,64.199,64.429,64.429,63.968,1.23M,0.72%
08/07/2020,63.738,63.892,64.045,63.584,619.10K,-0.48%
07/07/2020,64.045,64.506,64.66,63.968,1.71M,0.60%
06/07/2020,63.661,63.738,64.045,63.277,1.56M,-0.12%
03/07/2020,63.738,63.354,63.968,63.124,472.55K,0.48%
02/07/2020,63.431,63.892,63.892,62.202,598.50K,-0.12%
01/07/2020,63.508,61.665,63.508,61.434,516.07K,2.99%
30/06/2020,61.665,63.354,63.354,61.434,905.95K,-1.47%
29/06/2020,62.586,63.968,63.968,62.279,758.12K,-2.16%
26/06/2020,63.968,64.583,65.043,63.738,454.17K,-0.48%
25/06/2020,64.276,63.508,64.813,63.508,646.49K,-1.18%
24/06/2020,65.043,66.042,66.042,64.583,906.16K,-1.51%
23/06/2020,66.042,65.658,66.81,65.504,1.17M,0.58%
22/06/2020,65.658,65.274,65.735,65.274,1.67M,0.12%
19/06/2020,65.581,65.274,66.042,65.274,923.79K,0.47%
18/06/2020,65.274,64.506,66.426,64.429,2.31M,0.95%
17/06/2020,64.66,65.274,65.427,64.352,941.47K,0.60%
16/06/2020,64.276,64.506,64.506,63.277,1.02M,2.07%
15/06/2020,62.97,65.735,65.888,62.817,1.55M,-4.21%
12/06/2020,65.735,63.354,66.426,63.354,2.06M,-2.73%
11/06/2020,67.578,68.73,68.806,66.81,1.49M,-1.78%
10/06/2020,68.806,68.73,68.96,68.576,1.01M,0.11%
09/06/2020,68.73,69.037,69.114,68.653,532.97K,0.11%
08/06/2020,68.653,68.346,69.267,67.885,1.02M,0.45%
05/06/2020,68.346,68.422,68.576,66.81,1.03M,0.00%
04/06/2020,68.346,67.578,68.346,67.578,574.51K,1.25%
03/06/2020,67.501,66.81,67.501,66.733,590.47K,1.50%
02/06/2020,66.503,66.733,66.733,66.272,1.29M,0.12%
01/06/2020,66.426,65.658,66.579,65.658,925.50K,1.53%
29/05/2020,65.427,65.274,66.042,64.89,1.48M,0.83%
28/05/2020,64.89,63.738,65.351,63.738,2.36M,1.93%
27/05/2020,63.661,63.738,64.813,63.661,1.04M,0.48%
26/05/2020,63.354,62.202,63.431,62.202,945.43K,1.73%
25/05/2020,62.279,62.125,62.433,62.049,904.31K,0.12%
22/05/2020,62.202,62.356,62.433,61.434,1.03M,-0.25%
21/05/2020,62.356,61.434,62.356,61.127,1.82M,2.01%
20/05/2020,61.127,60.206,61.204,60.206,906.22K,0.76%
19/05/2020,60.666,61.357,61.511,60.513,1.44M,0.64%
18/05/2020,60.282,58.593,60.666,58.209,1.28M,3.29%
15/05/2020,58.363,58.67,58.746,58.055,2.04M,0.00%
14/05/2020,58.363,57.595,58.67,57.518,2.71M,0.53%
13/05/2020,58.055,58.055,58.746,55.291,2.36M,0.00%
12/05/2020,58.055,57.287,58.363,57.134,2.81M,1.48%
11/05/2020,57.211,56.443,57.211,55.675,2.16M,1.36%
08/05/2020,56.443,53.755,56.98,53.601,4.93M,5.45%
07/05/2020,53.525,52.066,53.525,51.989,2.47M,3.11%
06/05/2020,51.912,51.682,51.989,51.067,1.09M,1.20%
05/05/2020,51.298,51.682,51.989,51.298,1.29M,-0.89%
04/05/2020,51.758,52.219,52.296,51.298,1.09M,-0.88%
29/04/2020,52.219,51.451,52.296,51.451,1.94M,1.49%
28/04/2020,51.451,51.298,52.603,50.069,2.62M,0.30%
27/04/2020,51.298,53.678,53.678,51.298,3.25M,-3.05%
24/04/2020,52.91,53.141,53.448,51.835,1.24M,-0.43%
23/04/2020,53.141,54.523,54.523,52.833,1.53M,-0.14%
22/04/2020,53.217,52.987,54.6,52.987,2.06M,-3.08%
21/04/2020,54.907,54.523,54.907,52.066,2.76M,-0.56%
20/04/2020,55.214,55.06,55.598,54.369,1.31M,0.70%
17/04/2020,54.83,54.907,55.137,54.446,1.88M,0.28%
16/04/2020,54.676,53.755,54.676,53.601,1.35M,0.42%
15/04/2020,54.446,53.525,54.753,53.525,1.30M,1.43%
14/04/2020,53.678,54.139,54.369,52.066,2.48M,-1.27%
13/04/2020,54.369,54.216,55.137,53.755,1.34M,0.28%
10/04/2020,54.216,54.523,55.214,53.448,2.04M,-0.56%
09/04/2020,54.523,52.219,55.291,52.219,2.29M,5.19%
08/04/2020,51.835,51.451,52.373,51.298,2.27M,-1.03%
07/04/2020,52.373,52.219,52.987,51.298,2.26M,0.29%
06/04/2020,52.219,51.835,52.449,50.683,2.69M,3.82%
03/04/2020,50.299,49.915,50.914,49.147,2.20M,0.77%
01/04/2020,49.915,47.228,50.606,47.228,1.57M,4.84%
31/03/2020,47.612,47.228,49.224,46.076,1.22M,1.64%
30/03/2020,46.844,46.152,47.151,45.922,2.09M,-4.84%
27/03/2020,49.224,48.61,50.606,47.995,2.00M,1.42%
26/03/2020,48.533,47.612,49.685,47.228,1.89M,1.93%
25/03/2020,47.612,46.076,47.612,45.845,2.34M,6.90%
24/03/2020,44.54,43.925,44.847,43.465,1.91M,1.40%
23/03/2020,43.925,44.233,44.924,43.925,2.39M,-6.99%
20/03/2020,47.228,50.683,50.914,47.228,3.53M,-6.82%
19/03/2020,50.683,51.682,52.757,50.683,1.52M,-4.76%
18/03/2020,53.217,52.219,54.293,52.219,1.40M,2.67%
17/03/2020,51.835,48.84,51.835,48.84,1.74M,0.60%
16/03/2020,51.528,54.523,54.523,51.067,1.30M,-5.49%
13/03/2020,54.523,51.221,56.059,51.221,2.37M,-0.98%
12/03/2020,55.06,55.291,56.059,55.06,2.02M,-6.88%
11/03/2020,59.13,61.741,61.741,57.134,2.30M,-3.63%
10/03/2020,61.357,59.898,61.357,57.902,1.83M,1.65%
09/03/2020,60.359,60.666,62.125,60.359,1.54M,-6.98%
06/03/2020,64.89,63.738,65.811,62.97,1.13M,1.68%
05/03/2020,63.815,63.124,64.199,63.124,1.06M,1.71%
04/03/2020,62.74,62.97,62.97,62.202,742.03K,-0.61%
03/03/2020,63.124,64.122,64.122,63.124,1.08M,0.49%
02/03/2020,62.817,62.586,63.124,62.433,853.62K,-0.73%
28/02/2020,63.277,61.511,64.045,61.511,2.18M,-1.91%
27/02/2020,64.506,64.506,64.967,63.661,1.57M,-1.18%
26/02/2020,65.274,66.042,66.042,64.506,1.48M,-1.39%
25/02/2020,66.195,66.042,66.81,65.888,1.57M,-1.15%
24/02/2020,66.963,66.042,67.578,66.042,1.27M,-2.02%
21/02/2020,68.346,68.73,68.73,68.346,1.15M,-0.56%
20/02/2020,68.73,68.883,69.421,68.499,690.47K,0.00%
19/02/2020,68.73,68.346,68.73,68.346,336.88K,0.11%
18/02/2020,68.653,68.806,68.806,68.346,552.35K,0.00%
17/02/2020,68.653,68.576,69.037,68.422,438.82K,0.11%
14/02/2020,68.576,68.346,68.96,68.346,552.25K,0.00%
13/02/2020,68.576,68.499,68.73,68.192,808.05K,-0.11%
12/02/2020,68.653,68.96,68.96,68.422,778.04K,0.22%
11/02/2020,68.499,68.346,68.73,68.269,663.79K,0.34%
10/02/2020,68.269,68.499,68.73,67.962,774.61K,-1.22%
07/02/2020,69.114,68.96,69.728,68.346,1.49M,0.67%
06/02/2020,68.653,68.346,69.805,68.192,1.14M,0.56%
05/02/2020,68.269,69.267,69.421,68.192,933.15K,-1.00%
04/02/2020,68.96,68.346,68.96,67.347,1.43M,1.24%
03/02/2020,68.115,64.583,69.267,63.738,1.86M,0.00%
31/01/2020,68.115,67.578,68.96,67.347,1.62M,-0.23%
30/01/2020,68.269,70.726,70.957,66.81,4.52M,-4.82%
22/01/2020,71.724,72.185,72.953,71.494,1.12M,-0.64%
21/01/2020,72.185,72.108,72.646,71.878,956.48K,0.00%
20/01/2020,72.185,72.569,72.8,71.801,1.06M,-0.53%
17/01/2020,72.569,68.73,72.569,68.73,2.83M,5.59%
16/01/2020,68.73,68.576,69.344,68.269,1.49M,0.22%
15/01/2020,68.576,68.806,68.806,68.192,1.88M,-0.11%
14/01/2020,68.653,68.73,69.114,68.422,1.28M,0.00%
13/01/2020,68.653,68.346,68.96,68.346,1.33M,-0.11%
10/01/2020,68.73,68.115,69.421,67.501,1.95M,0.90%
09/01/2020,68.115,67.347,68.269,67.347,922.13K,1.95%
08/01/2020,66.81,66.733,67.501,66.195,921.63K,-0.91%
07/01/2020,67.424,66.81,67.501,65.581,1.29M,0.34%
06/01/2020,67.194,68.499,68.73,67.194,1.12M,-2.67%
03/01/2020,69.037,70.265,70.496,69.037,684.10K,-0.99%
02/01/2020,69.728,69.267,70.189,68.883,492.91K,0.67%
31/12/2019,69.267,69.574,69.958,69.19,294.46K,-0.88%
30/12/2019,69.881,69.497,70.803,69.114,842.34K,0.55%
27/12/2019,69.497,68.576,69.497,67.808,636.56K,1.23%
26/12/2019,68.653,69.497,69.497,68.346,515.64K,-0.56%
25/12/2019,69.037,69.114,69.805,68.346,294.60K,-0.11%
24/12/2019,69.114,69.728,69.728,68.269,647.70K,-0.99%
23/12/2019,69.805,68.269,69.881,68.269,1.20M,2.95%
20/12/2019,67.808,67.578,67.962,67.424,496.82K,0.34%
19/12/2019,67.578,66.579,67.731,66.042,1.30M,1.50%
18/12/2019,66.579,65.581,66.579,65.504,1.08M,1.64%
17/12/2019,65.504,66.349,66.81,65.504,339.74K,-0.81%
16/12/2019,66.042,67.885,67.885,65.274,849.24K,-2.71%
13/12/2019,67.885,67.654,67.962,67.194,952.92K,1.03%
12/12/2019,67.194,66.119,67.578,66.042,593.02K,1.86%
11/12/2019,65.965,66.042,66.042,65.427,529.64K,0.59%
10/12/2019,65.581,65.504,65.965,65.274,653.68K,0.24%
09/12/2019,65.427,65.197,65.811,64.813,511.34K,0.35%
06/12/2019,65.197,65.12,65.427,64.813,327.17K,0.12%
05/12/2019,65.12,65.274,65.811,64.967,482.95K,0.12%
04/12/2019,65.043,62.893,65.12,62.586,480.71K,3.29%
03/12/2019,62.97,63.738,64.583,62.97,810.73K,-1.80%
02/12/2019,64.122,65.504,65.811,63.738,559.91K,-2.11%
29/11/2019,65.504,65.735,65.888,65.274,405.77K,0.00%
28/11/2019,65.504,66.042,66.272,65.197,631.17K,-1.16%
27/11/2019,66.272,65.658,66.81,65.504,618.04K,1.89%
26/11/2019,65.043,64.89,65.888,64.89,927.82K,0.24%
25/11/2019,64.89,65.658,66.042,63.431,1.84M,-1.17%
22/11/2019,65.658,67.27,67.962,65.427,1.72M,-2.29%
21/11/2019,67.194,68.422,68.883,67.194,1.28M,-2.23%
20/11/2019,68.73,69.881,69.881,68.73,658.77K,-1.65%
19/11/2019,69.881,67.578,69.881,67.578,671.89K,3.88%
18/11/2019,67.27,68.73,69.037,67.194,893.90K,-2.34%
15/11/2019,68.883,69.114,69.881,68.653,721.28K,-1.32%
14/11/2019,69.805,69.497,70.189,69.267,478.91K,0.44%
13/11/2019,69.497,70.803,70.803,69.114,901.56K,-1.31%
12/11/2019,70.419,70.189,70.726,70.112,760.27K,0.44%
11/11/2019,70.112,70.496,70.496,69.881,540.76K,-0.22%
08/11/2019,70.265,70.112,70.573,69.728,531.47K,0.22%
07/11/2019,70.112,69.881,70.573,69.881,460.44K,0.33%
06/11/2019,69.881,69.728,70.88,69.651,859.04K,0.22%
05/11/2019,69.728,70.726,71.033,69.651,786.82K,-1.30%
04/11/2019,70.649,68.576,71.033,68.576,1.39M,3.60%
01/11/2019,68.192,67.347,68.653,67.194,1.37M,1.25%
31/10/2019,67.347,67.654,67.962,67.27,407.48K,-0.11%
30/10/2019,67.424,66.119,67.731,66.119,775.44K,1.62%
29/10/2019,66.349,67.117,67.194,66.272,896.54K,-1.14%
28/10/2019,67.117,67.578,67.731,67.117,489.79K,-0.68%
25/10/2019,67.578,66.733,67.962,66.503,1.07M,1.27%
24/10/2019,66.733,65.504,66.81,65.351,842.39K,1.88%
23/10/2019,65.504,65.658,65.888,64.967,686.64K,-0.12%
22/10/2019,65.581,64.66,65.888,64.66,603.66K,1.42%
21/10/2019,64.66,65.197,65.197,64.199,716.44K,-0.94%
18/10/2019,65.274,65.658,65.888,65.12,532.40K,-0.23%
17/10/2019,65.427,66.349,66.349,65.12,1.31M,-1.05%
16/10/2019,66.119,66.195,66.272,65.811,853.31K,1.06%
15/10/2019,65.427,65.274,65.581,65.043,827.36K,0.23%
14/10/2019,65.274,65.658,66.042,65.274,792.14K,-0.35%
11/10/2019,65.504,64.89,65.581,64.813,931.95K,0.83%
10/10/2019,64.967,65.197,65.427,64.89,961.68K,0.12%
09/10/2019,64.89,65.351,65.811,64.89,1.10M,-0.71%
08/10/2019,65.351,63.584,65.504,63.584,1.87M,2.78%
07/10/2019,63.584,64.506,64.89,63.584,1.45M,-0.24%
04/10/2019,63.738,62.97,64.122,62.817,1.43M,1.22%
03/10/2019,62.97,62.817,62.97,61.895,1.28M,0.00%
02/10/2019,62.97,64.045,64.276,62.74,1.56M,-1.68%
01/10/2019,64.045,63.047,64.199,62.817,1.01M,1.58%
30/09/2019,63.047,63.661,63.968,62.893,989.88K,-0.96%
27/09/2019,63.661,62.433,63.815,62.049,1.77M,2.35%
26/09/2019,62.202,61.972,62.433,61.665,1.33M,0.37%
25/09/2019,61.972,61.434,62.125,60.973,930.64K,0.12%
24/09/2019,61.895,61.05,62.049,60.59,1.01M,2.03%
23/09/2019,60.666,62.663,62.893,60.666,1.51M,-2.47%
20/09/2019,62.202,62.586,63.584,62.202,3.57M,-0.61%
19/09/2019,62.586,62.202,62.74,61.818,672.75K,1.12%
18/09/2019,61.895,62.279,63.354,61.818,1.03M,-0.62%
17/09/2019,62.279,61.972,62.433,61.818,1.14M,0.12%
16/09/2019,62.202,62.893,63.508,62.049,889.77K,-1.10%
13/09/2019,62.893,61.281,62.97,61.281,1.80M,3.02%
12/09/2019,61.05,60.282,61.05,60.282,1.02M,1.66%
11/09/2019,60.052,59.361,60.282,59.361,180.49K,0.64%
10/09/2019,59.668,59.284,60.82,59.207,831.89K,0.65%
09/09/2019,59.284,59.361,59.438,59.13,301.70K,-0.13%
06/09/2019,59.361,59.898,59.898,59.13,367.48K,-0.39%
05/09/2019,59.591,59.284,60.513,59.284,521.76K,0.39%
04/09/2019,59.361,59.514,59.514,59.054,673.43K,-0.64%
03/09/2019,59.745,59.745,59.822,58.9,741.14K,0.13%
30/08/2019,59.668,59.13,59.668,59.13,357.45K,1.17%
29/08/2019,58.977,59.054,59.438,58.746,538.78K,-0.26%
28/08/2019,59.13,58.977,59.361,58.977,751.32K,0.65%
27/08/2019,58.746,60.052,60.513,58.363,1.42M,-1.67%
26/08/2019,59.745,60.052,60.359,59.514,857.75K,-1.77%
23/08/2019,60.82,61.434,61.588,60.82,576.11K,-1.00%
22/08/2019,61.434,61.588,61.741,61.127,972.43K,0.00%
21/08/2019,61.434,59.054,61.665,58.9,2.46M,4.03%
20/08/2019,59.054,59.745,59.745,58.9,579.00K,0.13%
19/08/2019,58.977,59.822,60.282,58.9,883.94K,-1.41%
16/08/2019,59.822,59.745,60.359,59.745,703.31K,-1.39%
15/08/2019,60.666,57.287,60.666,57.287,651.18K,3.54%
14/08/2019,58.593,59.898,59.898,58.593,452.66K,0.00%
13/08/2019,58.593,59.284,59.514,58.286,1.03M,-1.80%
12/08/2019,59.668,60.282,60.513,59.284,606.10K,-1.02%
09/08/2019,60.282,60.436,60.973,60.206,814.89K,0.00%
08/08/2019,60.282,60.282,61.281,59.975,781.59K,0.13%
07/08/2019,60.206,58.593,60.206,58.593,724.55K,2.75%
06/08/2019,58.593,58.67,59.054,58.209,1.50M,-1.42%
05/08/2019,59.438,60.82,61.204,59.207,1.09M,-2.15%
02/08/2019,60.743,61.204,61.818,60.743,867.68K,-1.74%
01/08/2019,61.818,61.588,61.818,61.204,687.57K,0.37%
31/07/2019,61.588,61.434,61.818,61.127,654.36K,-0.50%
30/07/2019,61.895,62.97,63.354,61.895,1.45M,-0.49%
29/07/2019,62.202,60.282,62.202,60.129,1.26M,3.19%
26/07/2019,60.282,59.668,61.204,59.514,1.20M,1.03%
25/07/2019,59.668,59.054,59.745,58.9,583.59K,1.04%
24/07/2019,59.054,61.05,61.05,58.746,1.76M,-2.54%
23/07/2019,60.59,60.59,60.897,60.282,798.85K,-0.13%
22/07/2019,60.666,60.666,61.05,60.436,1.19M,0.00%
19/07/2019,60.666,58.67,61.281,58.67,1.68M,3.40%
18/07/2019,58.67,58.286,59.284,58.055,1.10M,0.26%
17/07/2019,58.516,58.746,59.207,58.209,1.02M,-1.30%
16/07/2019,59.284,57.979,59.898,57.902,2.43M,2.93%
15/07/2019,57.595,56.596,57.595,56.596,1.39M,1.77%
12/07/2019,56.596,56.827,57.211,56.519,1.18M,-0.41%
11/07/2019,56.827,55.752,57.287,55.752,1.64M,2.07%
10/07/2019,55.675,55.675,55.828,55.214,815.57K,0.83%
09/07/2019,55.214,54.907,55.214,54.216,853.07K,0.84%
08/07/2019,54.753,55.291,55.521,54.523,922.93K,-1.79%
05/07/2019,55.752,55.675,55.752,55.291,543.09K,0.14%
04/07/2019,55.675,53.755,55.675,53.525,1.44M,4.17%
03/07/2019,53.448,54.139,54.523,53.448,1.02M,-1.28%
02/07/2019,54.139,54.907,54.907,53.985,463.21K,-1.12%
01/07/2019,54.753,54.523,55.214,54.446,721.76K,1.13%
28/06/2019,54.139,53.448,55.291,52.526,1.06M,1.44%
27/06/2019,53.371,54.523,54.523,53.294,1.51M,-1.42%
26/06/2019,54.139,55.598,55.675,54.139,1.17M,-2.62%
25/06/2019,55.598,55.905,55.905,55.291,498.71K,-0.82%
24/06/2019,56.059,54.907,56.673,54.523,1.80M,2.82%
21/06/2019,54.523,54.907,55.291,54.523,2.28M,-0.70%
20/06/2019,54.907,53.525,54.907,53.448,1.19M,2.44%
19/06/2019,53.601,54.062,54.293,53.294,979.09K,-0.71%
18/06/2019,53.985,52.987,54.139,52.373,1.22M,1.59%
17/06/2019,53.141,53.141,53.985,52.987,1.30M,0.00%
14/06/2019,53.141,51.835,53.448,51.682,3.16M,2.82%
13/06/2019,51.682,51.451,51.835,50.99,697.92K,0.45%
12/06/2019,51.451,51.758,51.835,51.374,271.67K,-0.59%
11/06/2019,51.758,51.067,51.835,51.067,357.41K,1.05%
10/06/2019,51.221,51.298,51.835,50.683,747.05K,1.68%
07/06/2019,50.376,51.067,51.451,50.069,626.36K,-0.45%
06/06/2019,50.606,51.221,51.221,49.915,503.45K,-1.20%
05/06/2019,51.221,51.605,51.835,51.221,343.40K,-0.74%
04/06/2019,51.605,50.683,51.835,50.606,494.81K,1.05%
03/06/2019,51.067,51.067,51.605,49.147,757.51K,-1.04%
31/05/2019,51.605,51.835,52.219,51.298,908.63K,-0.74%
30/05/2019,51.989,51.835,52.296,51.682,409.47K,0.30%
29/05/2019,51.835,51.912,52.296,51.605,400.04K,0.15%
28/05/2019,51.758,51.451,52.68,51.298,847.77K,0.00%
27/05/2019,51.758,51.451,52.066,51.067,435.52K,1.35%
24/05/2019,51.067,51.682,52.219,50.76,1.19M,-1.63%
23/05/2019,51.912,51.758,52.219,51.528,482.89K,0.59%
22/05/2019,51.605,51.835,52.68,51.451,845.61K,-0.74%
21/05/2019,51.989,52.142,52.526,51.989,603.76K,-0.15%
20/05/2019,52.066,51.298,52.296,51.221,774.61K,1.50%
17/05/2019,51.298,51.298,51.451,51.144,572.98K,0.00%
16/05/2019,51.298,51.298,51.758,51.298,525.98K,0.00%
15/05/2019,51.298,51.221,51.758,51.067,936.88K,0.30%
14/05/2019,51.144,50.222,51.144,50.222,801.94K,1.06%
13/05/2019,50.606,50.53,50.76,50.376,606.64K,0.46%
10/05/2019,50.376,50.299,50.76,50.069,707.38K,0.15%
09/05/2019,50.299,50.222,50.683,49.992,841.11K,0.61%
08/05/2019,49.992,49.608,50.376,49.608,1.21M,-0.76%
07/05/2019,50.376,50.914,51.451,49.762,1.41M,-1.06%
06/05/2019,50.914,50.837,51.298,50.606,465.18K,-0.60%
03/05/2019,51.221,51.298,51.605,50.76,1.01M,-0.30%
02/05/2019,51.374,51.912,52.142,50.99,801.88K,-1.47%
26/04/2019,52.142,52.066,52.449,51.835,353.78K,0.29%
25/04/2019,51.989,52.603,52.603,51.989,444.94K,-1.17%
24/04/2019,52.603,51.835,53.141,51.835,873.47K,1.48%
23/04/2019,51.835,52.219,52.219,50.76,1.61M,-0.59%
22/04/2019,52.142,51.528,52.296,51.451,399.66K,-0.15%
19/04/2019,52.219,52.142,52.603,52.142,296.73K,0.15%
18/04/2019,52.142,51.835,52.757,51.835,707.95K,-0.15%
17/04/2019,52.219,52.142,52.373,51.451,659.32K,0.89%
16/04/2019,51.758,52.219,52.219,50.99,516.32K,-0.88%
12/04/2019,52.219,52.68,52.68,51.912,453.49K,-0.73%
11/04/2019,52.603,52.987,52.987,51.989,516.89K,-0.58%
10/04/2019,52.91,53.371,53.371,52.833,917.48K,-1.29%
09/04/2019,53.601,53.525,53.755,53.294,968.71K,0.14%
08/04/2019,53.525,52.296,53.525,52.142,1.43M,2.35%
05/04/2019,52.296,52.066,52.373,52.066,609.33K,0.59%
04/04/2019,51.989,51.605,52.142,51.298,1.21M,0.74%
03/04/2019,51.605,51.835,51.912,51.067,568.65K,-0.44%
02/04/2019,51.835,52.219,52.603,51.835,710.69K,-0.44%
01/04/2019,52.066,52.142,52.142,51.912,872.86K,0.74%
29/03/2019,51.682,51.451,51.835,51.298,865.19K,0.90%
28/03/2019,51.221,50.453,51.221,50.222,947.39K,1.83%
27/03/2019,50.299,50.606,50.606,49.685,686.72K,0.00%
26/03/2019,50.299,50.76,51.067,50.299,1.44M,0.00%
25/03/2019,50.299,49.915,50.683,49.147,2.09M,-2.09%
22/03/2019,51.374,51.298,51.451,51.067,1.76M,0.45%
21/03/2019,51.144,51.374,52.142,51.067,1.95M,-0.15%
20/03/2019,51.221,51.221,51.605,50.837,3.11M,-0.15%
19/03/2019,51.298,51.912,51.912,51.221,1.77M,-1.18%
18/03/2019,51.912,51.067,52.066,51.067,2.47M,2.42%
15/03/2019,50.683,51.605,51.605,50.683,3.34M,-1.49%
14/03/2019,51.451,50.069,51.451,49.531,2.90M,2.76%
13/03/2019,50.069,49.915,50.069,49.531,2.14M,0.62%
12/03/2019,49.762,48.379,49.762,48.149,2.80M,3.52%
11/03/2019,48.072,47.919,48.149,47.535,1.30M,-0.32%
08/03/2019,48.226,47.919,48.379,47.688,1.27M,-0.47%
07/03/2019,48.456,48.149,48.994,48.072,2.42M,0.64%
06/03/2019,48.149,48.456,48.61,47.535,1.38M,-0.48%
05/03/2019,48.379,48.226,48.994,47.995,2.01M,0.32%
04/03/2019,48.226,47.765,48.379,47.765,1.72M,0.97%
01/03/2019,47.765,46.844,47.765,46.69,910.43K,2.81%
28/02/2019,46.46,47.535,47.995,46.46,2.59M,-2.26%
27/02/2019,47.535,48.226,48.379,47.304,1.47M,-1.74%
26/02/2019,48.379,48.687,48.763,47.535,2.52M,-0.63%
25/02/2019,48.687,47.995,49.071,47.842,2.65M,2.26%
22/02/2019,47.612,46.229,47.919,46.076,3.19M,3.16%
21/02/2019,46.152,45.692,46.152,45.385,2.61M,1.69%
20/02/2019,45.385,45.538,45.769,45.231,1.04M,0.17%
19/02/2019,45.308,46.076,46.229,45.308,1.66M,-1.67%
18/02/2019,46.076,45.692,46.076,45.692,1.31M,1.18%
15/02/2019,45.538,46.076,46.076,45.461,1.59M,-1.49%
14/02/2019,46.229,45.922,46.306,45.769,2.08M,0.67%
13/02/2019,45.922,45.001,45.999,45.001,2.37M,2.05%
12/02/2019,45.001,44.617,45.308,44.386,2.15M,0.86%
11/02/2019,44.617,43.772,44.693,43.618,1.78M,2.83%
01/02/2019,43.388,43.772,44.079,43.388,1.06M,-0.53%
31/01/2019,43.618,43.618,44.079,43.618,1.46M,0.17%
30/01/2019,43.542,43.542,43.925,43.542,1.47M,0.00%
29/01/2019,43.542,42.62,43.542,42.39,1.24M,2.16%
28/01/2019,42.62,43.004,43.004,42.62,430.00K,-0.54%
25/01/2019,42.85,42.62,43.081,42.543,1.29M,0.72%
24/01/2019,42.543,42.543,42.697,42.236,591.90K,0.00%
23/01/2019,42.543,42.159,42.62,42.159,656.78K,0.36%
22/01/2019,42.39,43.004,43.004,42.39,508.28K,-1.07%
21/01/2019,42.85,41.929,43.158,41.852,1.11M,1.83%
18/01/2019,42.082,42.39,42.543,42.082,692.10K,-0.73%
17/01/2019,42.39,42.466,42.774,42.313,587.04K,-0.36%
16/01/2019,42.543,43.234,43.234,42.236,901.06K,-0.89%
15/01/2019,42.927,42.466,43.081,42.39,1.37M,1.09%
14/01/2019,42.466,42.39,42.62,42.159,969.73K,0.18%
11/01/2019,42.39,42.39,42.62,42.159,1.42M,0.36%
10/01/2019,42.236,42.85,42.85,42.236,1.01M,-1.43%
09/01/2019,42.85,42.62,43.081,42.082,1.45M,1.45%
08/01/2019,42.236,42.236,42.39,41.852,1.68M,0.73%
07/01/2019,41.929,42.466,42.62,41.852,1.50M,0.37%
04/01/2019,41.775,40.931,41.775,40.393,1.67M,1.49%
03/01/2019,41.161,41.468,41.545,40.47,1.37M,0.00%
02/01/2019,41.161,41.391,41.698,41.084,1.38M,0.19%
28/12/2018,41.084,41.315,41.852,40.931,997.44K,0.00%
27/12/2018,41.084,41.468,41.698,41.084,729.58K,1.32%
26/12/2018,40.547,40.393,41.084,40.393,998.06K,0.19%
25/12/2018,40.47,39.932,40.7,39.164,2.51M,-0.75%
24/12/2018,40.777,41.852,42.159,40.777,1.10M,-2.57%
21/12/2018,41.852,41.852,41.852,41.315,2.16M,-0.18%
20/12/2018,41.929,41.698,42.39,41.698,1.12M,0.37%
19/12/2018,41.775,42.313,42.543,41.545,1.44M,-1.27%
18/12/2018,42.313,41.545,42.62,41.545,1.86M,0.55%
17/12/2018,42.082,43.004,43.311,42.082,2.28M,-3.01%
14/12/2018,43.388,44.156,44.233,43.388,1.12M,-1.91%
13/12/2018,44.233,44.77,44.847,44.233,1.09M,-0.69%
12/12/2018,44.54,44.002,44.54,43.618,1.87M,2.11%
11/12/2018,43.618,43.695,43.925,43.158,1.43M,-0.18%
10/12/2018,43.695,43.925,44.079,43.465,1.34M,-0.52%
07/12/2018,43.925,44.079,44.309,43.849,1.07M,0.53%
06/12/2018,43.695,44.079,44.54,43.542,2.88M,-1.56%
05/12/2018,44.386,43.772,44.693,43.388,2.57M,0.35%
04/12/2018,44.233,44.386,44.77,43.849,1.74M,-0.69%
03/12/2018,44.54,43.542,44.54,43.158,2.84M,4.69%
30/11/2018,42.543,42.159,43.004,42.082,1.83M,0.73%
29/11/2018,42.236,42.697,43.311,42.236,3.01M,-0.18%
28/11/2018,42.313,41.007,42.313,41.007,1.89M,3.18%
27/11/2018,41.007,41.775,42.006,40.854,1.64M,-1.11%
26/11/2018,41.468,41.468,41.698,41.238,859.90K,0.00%
23/11/2018,41.468,42.006,42.236,41.468,1.14M,-1.46%
22/11/2018,42.082,42.236,42.62,42.006,1.23M,-1.08%
21/11/2018,42.543,40.777,42.543,40.7,2.43M,2.97%
20/11/2018,41.315,41.468,41.468,40.931,1.39M,-0.37%
19/11/2018,41.468,41.468,41.468,40.854,1.46M,1.50%